mcNumber,legalName,dbaName,entityType,operationType,phone,email,physicalAddress,mailingAddress,city,state,zip,url
MC-524532,SEC TRUCKING LLC,,CARRIER/SHIPPER,Property,(888) 733-9996,,"2880 ROY ARNOLD RD, MURFRESBORO, TN 37130","2880 ROY ARNOLD RD, MURFREESBORO, TN 37130",MURFRESBORO,TN,37130,https://safer.fmcsa.dot.gov/query.asp?searchtype=ANY&query_type=queryCarrierSnapshot&query_param=MC_MX&query_string=524532
MC-524552,KRYSTYNA NOWAK,NOWAK TRANSPORTATION,CARRIER,Property,(570) 994-6966,,"2114 ESTATE DR, BLAKESLEE, PA 18610","2114 ESTATE DR, BLAKESLEE, PA 18610",BLAKESLEE,PA,18610,https://safer.fmcsa.dot.gov/query.asp?searchtype=ANY&query_type=queryCarrierSnapshot&query_param=MC_MX&query_string=524552
MC-524588,CIRCLE H LOGISTICS LLC,,CARRIER/BROKER,Property,(712) 574-0408,,"320 NW 10TH ST, POCAHONTAS, IA 50574","320 NW 10TH ST, POCAHONTAS, IA 50574",POCAHONTAS,IA,50574,https://safer.fmcsa.dot.gov/query.asp?searchtype=ANY&query_type=queryCarrierSnapshot&query_param=MC_MX&query_string=524588
MC-524605,S D C TRANSPORT CORPORATION,,CARRIER,Property,(813) 598-8146,,"3407 W ELLICOTT ST, TAMPA, FL 33614","3407 W ELLICOTT ST, TAMPA, FL 33614",TAMPA,FL,33614,https://safer.fmcsa.dot.gov/query.asp?searchtype=ANY&query_type=queryCarrierSnapshot&query_param=MC_MX&query_string=524605
MC-524005,NW SERVICES LLC,,CARRIER,Property,(253) 261-5020,,"31613 104 AVE SE, AUBURN, WA 98092","31613 104 AVE SE, AUBURN, WA 98092",AUBURN,WA,98092,https://safer.fmcsa.dot.gov/query.asp?searchtype=ANY&query_type=queryCarrierSnapshot&query_param=MC_MX&query_string=524005
MC-524029,PLATTE VALLEY EQUIPMENT LLC,,CARRIER,Property,,,"221 CO RD Q, FREMONT, NE 68025","PO BOX 1060, FREMONT, NE 68026",FREMONT,NE,68025,https://safer.fmcsa.dot.gov/query.asp?searchtype=ANY&query_type=queryCarrierSnapshot&query_param=MC_MX&query_string=524029
MC-524038,MENDI LOGISTICS LLC,,CARRIER,Property,(760) 356-5424,,"369 WALNUT AVE, HOLTVILLE, CA 92250","PO BOX 338, EL CENTRO, CA 92244",HOLTVILLE,CA,92250,https://safer.fmcsa.dot.gov/query.asp?searchtype=ANY&query_type=queryCarrierSnapshot&query_param=MC_MX&query_string=524038
MC-524041,HAPPY BEAR TRUCKING LLC,,CARRIER,Property,(510) 512-5068,,"4919 ENID ST, SAN ANTONIO, TX 78237","4919 ENID ST, SAN ANTONIO, TX 78237",SAN ANTONIO,TX,78237,https://safer.fmcsa.dot.gov/query.asp?searchtype=ANY&query_type=queryCarrierSnapshot&query_param=MC_MX&query_string=524041
MC-524043,VALERIY KIRILLOV,GOLD LION TRANSPORTATION,CARRIER,Property,(720) 219-4207,,"37 FARMLAND ACRES DRIVE, KALISPELL, MT 59901","37 FARMLAND ACRES DRIVE, KALISPELL, MT 59901",KALISPELL,MT,59901,https://safer.fmcsa.dot.gov/query.asp?searchtype=ANY&query_type=queryCarrierSnapshot&query_param=MC_MX&query_string=524043
MC-524048,FRANCISCO ALFONSO BECERRIL,F & J BECERRIL TRUCKING,CARRIER,Property,(915) 525-8640,,"10846 WEST HOPI ST, AVONDALE, AZ 85323","PO BOX 1068, CASHION, AZ 85329",AVONDALE,AZ,85323,https://safer.fmcsa.dot.gov/query.asp?searchtype=ANY&query_type=queryCarrierSnapshot&query_param=MC_MX&query_string=524048
MC-524083,HAWES MERCER,,CARRIER,,(270) 222-0757,,"208 ABBIE AVE, OWENSBORO, KY 42303","208 ABBIE AVE, OWENSBORO, KY 42303",OWENSBORO,KY,42303,https://safer.fmcsa.dot.gov/query.asp?searchtype=ANY&query_type=queryCarrierSnapshot&query_param=MC_MX&query_string=524083
MC-524088,JK & R EXPRESS LLC,,CARRIER,Property,(718) 840-8173,,"2830 RTE 100, MACUNGIE, PA 18062","PO BOX 322, PORT MONMOUTH, NJ 07758",MACUNGIE,PA,18062,https://safer.fmcsa.dot.gov/query.asp?searchtype=ANY&query_type=queryCarrierSnapshot&query_param=MC_MX&query_string=524088
MC-524096,PRIETO BROTHER'S CORPORATION,,CARRIER,Property,(704) 792-5010,,"419 B PEACH ORCHARD RD, SALISBURY, NC 28147","7980 NW 82ND PLACE, MEDLEY, FL 33166",SALISBURY,NC,28147,https://safer.fmcsa.dot.gov/query.asp?searchtype=ANY&query_type=queryCarrierSnapshot&query_param=MC_MX&query_string=524096
MC-524101,NV TRANSPORT INC,NV TRANSPORT,CARRIER,Property,(503) 777-7096,,"2021 NW SUNDIAL RD, TROUTDALE, OR 97060","2021 NW SUNDIAL RD, TROUTDALE, OR 97060",TROUTDALE,OR,97060,https://safer.fmcsa.dot.gov/query.asp?searchtype=ANY&query_type=queryCarrierSnapshot&query_param=MC_MX&query_string=524101
MC-524120,SONOCO PRODUCTS COMPANY,,CARRIER/SHIPPER,Property,(843) 383-7000,,"1 NORTH 2ND ST, HARTSVILLE, SC 29550","PO BOX 160, HARTSVILLE, SC 29551",HARTSVILLE,SC,29550,https://safer.fmcsa.dot.gov/query.asp?searchtype=ANY&query_type=queryCarrierSnapshot&query_param=MC_MX&query_string=524120
MC-524123,GERARDO HOLGUIN,STARLIGHT TRUCKING,CARRIER,Property,(432) 438-5105,,"16640 S WESTWIND, ODESSA, TX 79766","6199 N MARK TWAIN, ODESSA, TX 79764",ODESSA,TX,79766,https://safer.fmcsa.dot.gov/query.asp?searchtype=ANY&query_type=queryCarrierSnapshot&query_param=MC_MX&query_string=524123
MC-524130,FISH EXPRESS CORPORATION,,CARRIER,Property,(323) 771-8412,,"8300 REX RD, PICO RIVERA, CA 90660","8300 REX RD, PICO RIVERA, CA 90660",PICO RIVERA,CA,90660,https://safer.fmcsa.dot.gov/query.asp?searchtype=ANY&query_type=queryCarrierSnapshot&query_param=MC_MX&query_string=524130
MC-524134,RODRIGUEZ TRANSPORT LLC,,CARRIER,Property,(341) 261-1838,,"13237 S AVENUE 4 3/4 E, YUMA, AZ 85365","13237 S AVENUE 4 3/4 E, YUMA, AZ 85365",YUMA,AZ,85365,https://safer.fmcsa.dot.gov/query.asp?searchtype=ANY&query_type=queryCarrierSnapshot&query_param=MC_MX&query_string=524134
MC-524142,SKIPPER'S TRUCKING & EXCAVATING LLC,,CARRIER,Property,(334) 585-5803,,"2814 CO RD 99, NEWVILLE, AL 36353","PO BOX 301, ABBEVILLE, AL 36310",NEWVILLE,AL,36353,https://safer.fmcsa.dot.gov/query.asp?searchtype=ANY&query_type=queryCarrierSnapshot&query_param=MC_MX&query_string=524142
MC-967039,JOEL FRIES,TRACKER MANAGEMENT,CARRIER/BROKER,Property,(952) 758-8722,,"500 4TH AVENUE SW, NEW PRAGUE, MN 56071","500 4TH AVENUE SW, NEW PRAGUE, MN 56071",NEW PRAGUE,MN,56071,https://safer.fmcsa.dot.gov/query.asp?searchtype=ANY&query_type=queryCarrierSnapshot&query_param=MC_MX&query_string=524146
MC-524212,ROBERTS BROTHERS COACH LEASING COMPANY INC,,CARRIER,Property,(615) 212-0226,,"155 COMMERCE WAY, GALLATIN, TN 37066","155 COMMERCE WAY, GALLATIN, TN 37066",GALLATIN,TN,37066,https://safer.fmcsa.dot.gov/query.asp?searchtype=ANY&query_type=queryCarrierSnapshot&query_param=MC_MX&query_string=524212
MC-524228,PACE USA INC,PACE,CARRIER,Property,(866) 410-7222,,"5951 GREENWOOD PKWY, BESSEMER, AL 35022","5951 GREENWOOD PKWY, BESSEMER, AL 35022",BESSEMER,AL,35022,https://safer.fmcsa.dot.gov/query.asp?searchtype=ANY&query_type=queryCarrierSnapshot&query_param=MC_MX&query_string=524228
MC-524242,RAMIRO M GONZALEZ,RG TRUCKING,CARRIER,Property,(831) 320-9942,,"2053 S 17 AVE, YUMA, AZ 85364","2053 S 17 AVE, YUMA, AZ 85364",YUMA,AZ,85364,https://safer.fmcsa.dot.gov/query.asp?searchtype=ANY&query_type=queryCarrierSnapshot&query_param=MC_MX&query_string=524242
MC-524245,JAMES ROBERSON,,CARRIER,Property,(757) 593-3826,,"270 B KATHANN DRIVE, HAMPTON, VA 23605","270 B KATHANN DRIVE, HAMPTON, VA 23605",HAMPTON,VA,23605,https://safer.fmcsa.dot.gov/query.asp?searchtype=ANY&query_type=queryCarrierSnapshot&query_param=MC_MX&query_string=524245
,LORENZO MANOLO BRES CARRANZA,,CARRIER,Property,(867) 188-6830,,"CARRETERA FEDERAL 2 #1001, NAVA, CH 26183","CARRETERA FEDERAL 2 #1001, NAVA, CH 26183",NAVA,CH,26183,https://safer.fmcsa.dot.gov/query.asp?searchtype=ANY&query_type=queryCarrierSnapshot&query_param=MC_MX&query_string=523253
MC-523280,AZ XPRESS LLC,,CARRIER,Property,(916) 291-8833,,"8 OLIVIA PLACE, SACRAMENTO, CA 95835","8 OLIVIA PLACE, SACRAMENTO, CA 95835",SACRAMENTO,CA,95835,https://safer.fmcsa.dot.gov/query.asp?searchtype=ANY&query_type=queryCarrierSnapshot&query_param=MC_MX&query_string=523280
MC-523285,RHOADS LIMOUSINE SERVICE INC,,CARRIER,Property,(610) 689-4600,,"1816 WEAVERTOWN ROAD, DOUGLASSVILLE, PA 19518","96 WEAVERTOWN LANE, DOUGLASSVILLE, PA 19518",DOUGLASSVILLE,PA,19518,https://safer.fmcsa.dot.gov/query.asp?searchtype=ANY&query_type=queryCarrierSnapshot&query_param=MC_MX&query_string=523285
MC-523299,C J DRILLING INC,,CARRIER,Property,(847) 669-8000,,"19 N 041 GALLIGAN RD, DUNDEE, IL 60118","19N041 GALLIGAN RD, DUNDEE, IL 60118",DUNDEE,IL,60118,https://safer.fmcsa.dot.gov/query.asp?searchtype=ANY&query_type=queryCarrierSnapshot&query_param=MC_MX&query_string=523299
MC-523336,JAMES R HALL,J R HALL EXCAVATING,CARRIER,Property,(724) 573-1133,,"676 SHAFFER ROAD, HOOKSTOWN, PA 15050","676 SHAFFER ROAD, HOOKSTOWN, PA 15050",HOOKSTOWN,PA,15050,https://safer.fmcsa.dot.gov/query.asp?searchtype=ANY&query_type=queryCarrierSnapshot&query_param=MC_MX&query_string=523336
MC-523361,ROBERT WYATT JORDAN,BUDDY JORDAN TRUCKING,CARRIER,Property,(334) 385-2637,,"6659 COUNTY RD 32, PINE HILL, AL 36769-3002","6659 COUNTY RD 32, PINE HILL, AL 36769-3002",PINE HILL,AL,36769-3002,https://safer.fmcsa.dot.gov/query.asp?searchtype=ANY&query_type=queryCarrierSnapshot&query_param=MC_MX&query_string=523361
MC-523379,PERSONAL TOUCH MOVING INC,,CARRIER,Property,(248) 431-1646,,"201 E DRAHNER, OXFORD, MI 48371","201 E DRAHNER, OXFORD, MI 48371",OXFORD,MI,48371,https://safer.fmcsa.dot.gov/query.asp?searchtype=ANY&query_type=queryCarrierSnapshot&query_param=MC_MX&query_string=523379
MC-523381,PRIME CHEMICAL TRANSPORT INC,,CARRIER,Property,(832) 978-6088,,"9413 CARLOW LANE, LA PORTE, TX 77571","P O BOX 7246, PASADENA, TX 77508",LA PORTE,TX,77571,https://safer.fmcsa.dot.gov/query.asp?searchtype=ANY&query_type=queryCarrierSnapshot&query_param=MC_MX&query_string=523381
MC-523385,DEWAYNE ALLEN WOODS,DEWAYNE WOODS TRUCKING,CARRIER,Property,(605) 251-5586,,"3801 N POTTER AVE APT 217, SIOUX FALLS, SD 57107","PO BOX 2122, SIOUX FALLS, SD 57101",SIOUX FALLS,SD,57107,https://safer.fmcsa.dot.gov/query.asp?searchtype=ANY&query_type=queryCarrierSnapshot&query_param=MC_MX&query_string=523385
MC-523386,PAUL MCMASTERS,PAUL MCMASTERS TRUCKING,CARRIER,Property,(918) 630-8004,,"16430 S 369TH W AVE, BRISTOW, OK 74010","16430 S 369TH W AVE, BRISTOW, OK 74010",BRISTOW,OK,74010,https://safer.fmcsa.dot.gov/query.asp?searchtype=ANY&query_type=queryCarrierSnapshot&query_param=MC_MX&query_string=523386
MC-523394,ULAJ TRANSPORT LLC,,CARRIER,Property,(586) 747-0482,,"41000 WOODWARD AVENUE STE 350 EAST, BLOOMFIELD HILLS, MI 48304","41000 WOODWARD AVENUE STE 350, BLOOMFIELD HILLS, MI 48304",BLOOMFIELD HILLS,MI,48304,https://safer.fmcsa.dot.gov/query.asp?searchtype=ANY&query_type=queryCarrierSnapshot&query_param=MC_MX&query_string=523394
MC-523406,LMC INDUSTRIAL CONTRACTORS INC,,CARRIER,Property,(585) 335-3131,,"9431 FOSTER WHEELER ROAD, DANSVILLE, NY 14437","9431 FOSTER WHEELER ROAD, DANSVILLE, NY 14437",DANSVILLE,NY,14437,https://safer.fmcsa.dot.gov/query.asp?searchtype=ANY&query_type=queryCarrierSnapshot&query_param=MC_MX&query_string=523406
MC-523416,HARTSFIELD ENTERPRISES LLC,D B ENTERPRISES,CARRIER,Property,(713) 539-9626,,"6727 SUTTON MEADOWS DRIVE, HOUSTON, TX 77086","6727 SUTTON MEADOWS DRIVE, HOUSTON, TX 77086",HOUSTON,TX,77086,https://safer.fmcsa.dot.gov/query.asp?searchtype=ANY&query_type=queryCarrierSnapshot&query_param=MC_MX&query_string=523416
MC-523437,VICTOR GUEROLA,V G TRUCKING,CARRIER,Property,(281) 773-5852,,"8722 RIDGEBURY CIRCLE, HOUSTON, TX 77095","8722 RIDGEBURY CIRCLE, HOUSTON, TX 77095",HOUSTON,TX,77095,https://safer.fmcsa.dot.gov/query.asp?searchtype=ANY&query_type=queryCarrierSnapshot&query_param=MC_MX&query_string=523437
MC-523445,WE HAUL BOAT TRANSPORT LLC,,CARRIER,Property,(203) 496-0226,,"1021 NORTH STREET, GREENWICH, CT 06831","1021 NORTH STREET, GREENWICH, CT 06831",GREENWICH,CT,06831,https://safer.fmcsa.dot.gov/query.asp?searchtype=ANY&query_type=queryCarrierSnapshot&query_param=MC_MX&query_string=523445
MC-523475,HUNTER EXPRESS LTD,,CARRIER,Property,(905) 791-3090,,"1940 STEELES AVE EAST, BRAMPTON, ON L6T 1A7","1940 STEELES AVE EAST, BRAMPTON, ON L6T 1A7",,,,https://safer.fmcsa.dot.gov/query.asp?searchtype=ANY&query_type=queryCarrierSnapshot&query_param=MC_MX&query_string=523475
MC-523495,LAUDICK TRANSPORTATION LLC,,CARRIER,Property,(812) 212-2766,,"5183 N HAMBURG RD, OLDENBURG, IN 47036","5183 N HAMBURG RD, OLDENBURG, IN 47036",OLDENBURG,IN,47036,https://safer.fmcsa.dot.gov/query.asp?searchtype=ANY&query_type=queryCarrierSnapshot&query_param=MC_MX&query_string=523495
MC-523513,MD TOWING INC,,CARRIER,Property,(904) 858-1880,,"3372 PHILIPS HIGHWAY, JACKSONVILLE, FL 32207","3372 PHILIPS HIGHWAY, JACKSONVILLE, FL 32207",JACKSONVILLE,FL,32207.0,https://safer.fmcsa.dot.gov/query.asp?searchtype=ANY&query_type=queryCarrierSnapshot&query_param=MC_MX&query_string=523513
MC-523533,CAN TRANS XPRESS INC,,CARRIER,Property,(647) 680-9200,,"153 VELMAR DR, WOODBRIDGE, ON L4L 8K1","153 VELMAR DR, WOODBRIDGE, ON L4L 8K1",,,,https://safer.fmcsa.dot.gov/query.asp?searchtype=ANY&query_type=queryCarrierSnapshot&query_param=MC_MX&query_string=523533
MC-523550,2014628 ONTARIO INC,LTI TRANSPORTATION,CARRIER,Property,(902) 791-0888,,"325 MAIN ST UNIT #16, KENTIVILLE, NS B4N 1K5","325 MAIN ST UNIT #16, KENTIVILLE, NS B4N 1K5",,,,https://safer.fmcsa.dot.gov/query.asp?searchtype=ANY&query_type=queryCarrierSnapshot&query_param=MC_MX&query_string=523550
MC-523560,H & P FARMS OF SMITHVILLE LLC,,CARRIER,Property,(615) 597-8438,,"825 SCOTT ACRES ROAD, SMITHVILLE, TN 37166","825 SCOTT ACRES ROAD, SMITHVILLE, TN 37166",SMITHVILLE,TN,37166.0,https://safer.fmcsa.dot.gov/query.asp?searchtype=ANY&query_type=queryCarrierSnapshot&query_param=MC_MX&query_string=523560
MC-523561,RILEY PETROLEUM PRODUCTS LLC,,CARRIER,Property,(740) 282-6012,,"128 TECHNOLOGY WAY, STEUBENVILLE, OH 43952","128 TECHNOLOGY WAY, STEUBENVILLE, OH 43952",STEUBENVILLE,OH,43952.0,https://safer.fmcsa.dot.gov/query.asp?searchtype=ANY&query_type=queryCarrierSnapshot&query_param=MC_MX&query_string=523561
MC-523617,CROWDER CONSTRUCTION GROUP INC,,CARRIER,Property,(615) 449-2797,,"3736 CAIRO BEND RD, LEBANON, TN 37087","3736 CAIRO BEND ROAD, LEBANON, TN 37087",LEBANON,TN,37087.0,https://safer.fmcsa.dot.gov/query.asp?searchtype=ANY&query_type=queryCarrierSnapshot&query_param=MC_MX&query_string=523617
MC-523623,DEMUR TRUCKING INC,,CARRIER,Property,(218) 689-1043,,"1058 270TH AVE, KENNEDY, MN 56733","1058 270TH AVE, KENNEDY, MN 56733",KENNEDY,MN,56733.0,https://safer.fmcsa.dot.gov/query.asp?searchtype=ANY&query_type=queryCarrierSnapshot&query_param=MC_MX&query_string=523623
MC-523640,WORLDWIDE RECOVERY SYSTEMS INC,,CARRIER,Property,(866) 909-2783,,"2308 POMONA BLVD, POMONA, CA 91768","2308 POMONA BLVD, POMONA, CA 91768",POMONA,CA,91768.0,https://safer.fmcsa.dot.gov/query.asp?searchtype=ANY&query_type=queryCarrierSnapshot&query_param=MC_MX&query_string=523640
MC-523653,ARROW SIGN COMPANY,,CARRIER,Property,(510) 533-7693,,"1051 46TH AVENUE, OAKLAND, CA 94601","1051 46TH AVENUE, OAKLAND, CA 94601",OAKLAND,CA,94601.0,https://safer.fmcsa.dot.gov/query.asp?searchtype=ANY&query_type=queryCarrierSnapshot&query_param=MC_MX&query_string=523653
MC-523655,V AND A CARRIER INC,,CARRIER,Property,(916) 990-3369,,"3550 BIG RUN SOUTH RD, GROVE CITY, OH 43123","3550 BIG RUN SOUTH RD, GROVE CITY, OH 43123",GROVE CITY,OH,43123.0,https://safer.fmcsa.dot.gov/query.asp?searchtype=ANY&query_type=queryCarrierSnapshot&query_param=MC_MX&query_string=523655
MC-523660,TIMOTHY L KEITH SR,TL TRUCKING CO,CARRIER,Property,(843) 527-4057,,"47 KNOWLIN RD, GEORGETOWN, SC 29440","47 KNOWLIN RD, GEORGETOWN, SC 29440",GEORGETOWN,SC,29440.0,https://safer.fmcsa.dot.gov/query.asp?searchtype=ANY&query_type=queryCarrierSnapshot&query_param=MC_MX&query_string=523660
MC-523661,HEAVY METAL HAULING INC,,CARRIER,Property,(423) 571-4928,,"321 COLD SPRINGS CHURCH ROAD, BRISTOL, TN 37620","321 COLD SPRINGS CHURCH ROAD, BRISTOL, TN 37620",BRISTOL,TN,37620.0,https://safer.fmcsa.dot.gov/query.asp?searchtype=ANY&query_type=queryCarrierSnapshot&query_param=MC_MX&query_string=523661
MC-523672,EASY TRANSPORT SERVICE LLC,,CARRIER,Property,(814) 667-2412,,"10322 EWING RD, PETERSBURG, PA 16669","10322 EWING RD, PETERSBURG, PA 16669",PETERSBURG,PA,16669.0,https://safer.fmcsa.dot.gov/query.asp?searchtype=ANY&query_type=queryCarrierSnapshot&query_param=MC_MX&query_string=523672
MC-523690,RRA TRUCKING LLC,,CARRIER,Property,(801) 898-5730,,"3764 S 6400 W, WEST VALLEY CITY, UT 84128","3764 S 6400 W, WEST VALLEY CITY, UT 84128",WEST VALLEY CITY,UT,84128.0,https://safer.fmcsa.dot.gov/query.asp?searchtype=ANY&query_type=queryCarrierSnapshot&query_param=MC_MX&query_string=523690
MC-523708,DEPINA BROS ENTERPRISES INC,,CARRIER,Property,(401) 639-4377,,"12 OLD FARM RD, WESTPORT, MA 02790","12 OLD FARM RD, WESTPORT, MA 02790",WESTPORT,MA,2790.0,https://safer.fmcsa.dot.gov/query.asp?searchtype=ANY&query_type=queryCarrierSnapshot&query_param=MC_MX&query_string=523708
MC-523716,RICHARD C CHAPMAN,CONDOR,CARRIER,Property,(207) 432-3715,,"359 GRAMMAR ROAD, SANFORD, ME 04073","359 GRAMMAR ROAD, SANFORD, ME 04073",SANFORD,ME,4073.0,https://safer.fmcsa.dot.gov/query.asp?searchtype=ANY&query_type=queryCarrierSnapshot&query_param=MC_MX&query_string=523716
MC-523724,BRYAN PREECE,BRUNO EXPRESS,CARRIER,Property,(775) 934-1056,,"660 BIRCH COURT, BATTLE MOUNTAIN, NV 89820","660 BIRCH COURT, BATTLE MOUNTAIN, NV 89820",BATTLE MOUNTAIN,NV,89820.0,https://safer.fmcsa.dot.gov/query.asp?searchtype=ANY&query_type=queryCarrierSnapshot&query_param=MC_MX&query_string=523724
MC-781380,D A M TRUCKS INC,,CARRIER,Property,(631) 830-3991,,"25 COLUMBUS AVE, WEST BABYLON, NY 11704","25 COLUMBUS AVE, WEST BABYLON, NY 11704",WEST BABYLON,NY,11704.0,https://safer.fmcsa.dot.gov/query.asp?searchtype=ANY&query_type=queryCarrierSnapshot&query_param=MC_MX&query_string=523741
MC-523749,CHAMP'S MUSHROOM INC,,CARRIER,Property,(604) 607-0789,,"3151 260 STREET, ALDERGROVE, BC V4W 2Z6","PO BOX 1928 26310 FRASER HWY, ALDERGROVE, BC V4X 0A6",,,,https://safer.fmcsa.dot.gov/query.asp?searchtype=ANY&query_type=queryCarrierSnapshot&query_param=MC_MX&query_string=523749
MC-522506,MAXIMILIANO RAMOS,M M TRANSPORT,CARRIER,Property,(509) 750-7310,,"7730 N ROAD 36, PASCO, WA 99301","7730 N ROAD 36, PASCO, WA 99301",PASCO,WA,99301,https://safer.fmcsa.dot.gov/query.asp?searchtype=ANY&query_type=queryCarrierSnapshot&query_param=MC_MX&query_string=522506
MC-522512,RTW MANAGEMENT INC,RTW MANAGEMENT,CARRIER,Property,(801) 819-3691,,"1495 E 3300 S, SALT LAKE CITY, UT 84106","1495 E 3300 S, SALT LAKE CITY, UT 84106",SALT LAKE CITY,UT,84106,https://safer.fmcsa.dot.gov/query.asp?searchtype=ANY&query_type=queryCarrierSnapshot&query_param=MC_MX&query_string=522512
MC-522513,ROCKING R CO INC,JOEY ROSS TOWING & AUTO REPAIR,CARRIER,Property,(936) 560-4159,,"2028 DOUGLASS RD, NACOGDOCHES, TX 75964","2028 DOUGLASS RD, NACOGDOCHES, TX 75964",NACOGDOCHES,TX,75964,https://safer.fmcsa.dot.gov/query.asp?searchtype=ANY&query_type=queryCarrierSnapshot&query_param=MC_MX&query_string=522513
MC-522527,CAUTIVO TRANSPORTATION INC,,CARRIER,Property,(954) 661-6210,,"6920 SW 57 ST, DAVIE, FL 33314","6920 SW 57 ST, DAVIE, FL 33314-7000",DAVIE,FL,33314,https://safer.fmcsa.dot.gov/query.asp?searchtype=ANY&query_type=queryCarrierSnapshot&query_param=MC_MX&query_string=522527
MC-522551,G&G DELIVERY MOVING INC,,CARRIER,Property,(316) 779-4569,,"1601 S OAKWOOD RD, ENID, OK 73703","1601 S OAKWOOD RD, ENID, OK 73703",ENID,OK,73703,https://safer.fmcsa.dot.gov/query.asp?searchtype=ANY&query_type=queryCarrierSnapshot&query_param=MC_MX&query_string=522551
MC-522572,JRK EXPRESS INC,,CARRIER,Property,(508) 314-1224,,"97 DURBECK RD, ROCKLAND, MA 02370","97 DURBECK RD, ROCKLAND, MA 02370",ROCKLAND,MA,02370,https://safer.fmcsa.dot.gov/query.asp?searchtype=ANY&query_type=queryCarrierSnapshot&query_param=MC_MX&query_string=522572
MC-522573,TCG TRUCKING LLC,,CARRIER,Property,(920) 734-9164,,"2801 N ROEMER RD, APPLETON, WI 54911","2801 N ROEMER RD, APPLETON, WI 54911",APPLETON,WI,54911,https://safer.fmcsa.dot.gov/query.asp?searchtype=ANY&query_type=queryCarrierSnapshot&query_param=MC_MX&query_string=522573
MC-522579,2430-5922 QUEBEC INC,MT EXPRESS,CARRIER,Property,(450) 907-0661,,"97 AVE DOMPIERRE #407, CANDIAC, PQ J5R 6P5","97 AVE DOMPIERRE #407, CANDIAC, PQ J5R 6P5",,,,https://safer.fmcsa.dot.gov/query.asp?searchtype=ANY&query_type=queryCarrierSnapshot&query_param=MC_MX&query_string=522579
MC-522592,KTL TRANSPORT LLC,,CARRIER,Property,(833) 378-3705,,"5811 SE INTERNATIONAL WAY 200, MILWAUKIE, OR 97222","5811 SE INTERNATIONAL WAY 200, MILWAUKIE, OR 97222",MILWAUKIE,OR,97222,https://safer.fmcsa.dot.gov/query.asp?searchtype=ANY&query_type=queryCarrierSnapshot&query_param=MC_MX&query_string=522592
MC-522603,CAN YOU PICTURE THAT INC,,CARRIER,Property,(404) 285-5313,,"1460 EAST FAYETTEVILLE RD, RIVERDALE, GA 30296","P O BOX 150501, ATLANTA, GA 30315",RIVERDALE,GA,30296,https://safer.fmcsa.dot.gov/query.asp?searchtype=ANY&query_type=queryCarrierSnapshot&query_param=MC_MX&query_string=522603
MC-522608,FRANK PEREZ,FRANK PEREZ TRUCKING,CARRIER,Property,(417) 337-0739,,"185 LIVE OAK LANE, REEDS SPRING, MO 65737","185 LIVE OAK LANE, REEDS SPRING, MO 65737",REEDS SPRING,MO,65737,https://safer.fmcsa.dot.gov/query.asp?searchtype=ANY&query_type=queryCarrierSnapshot&query_param=MC_MX&query_string=522608
MC-522616,FINKS ENTERPRISES LLC,,CARRIER,Property,(423) 943-5251,,"1476 OLD STATE ROUTE 34, TELFORD, TN 37690","1488 OLD STATE ROUTE 34, TELFORD, TN 37690",TELFORD,TN,37690,https://safer.fmcsa.dot.gov/query.asp?searchtype=ANY&query_type=queryCarrierSnapshot&query_param=MC_MX&query_string=522616
MC-522646,MCCULLOCH SYSTEMS INC,,CARRIER,Property,(260) 441-8636,,"4420 ARDMORE AVE, FORT WAYNE, IN 46809-9722","4420 ARDMORE AVE, FORT WAYNE, IN 46809-9722",FORT WAYNE,IN,46809-9722,https://safer.fmcsa.dot.gov/query.asp?searchtype=ANY&query_type=queryCarrierSnapshot&query_param=MC_MX&query_string=522646
MC-522695,LINDSAY TRUCKING INC,,CARRIER,Property,(505) 330-3387,,"25 ROAD 2899, AZTEC, NM 87410","PO BOX 814, AZTEC, NM 87410",AZTEC,NM,87410,https://safer.fmcsa.dot.gov/query.asp?searchtype=ANY&query_type=queryCarrierSnapshot&query_param=MC_MX&query_string=522695
MC-522697,CHAMPS EXPRESS TRUCKING LLC,,CARRIER,Property,(754) 217-0688,,"8000 VICTORIA PARK LN APT 8101, DAVENPORT, FL 33896-3212","8000 VICTORIA PARK LN APT 8101, DAVENPORT, FL 33896-3212",DAVENPORT,FL,33896-3212,https://safer.fmcsa.dot.gov/query.asp?searchtype=ANY&query_type=queryCarrierSnapshot&query_param=MC_MX&query_string=522697
MC-522703,MODTRANS LLC,,CARRIER,Property,(801) 597-0183,,"3179 S CAMINO REAL, WASHINGTON, UT 84780","PO BOX 1463, WASHINGTON, UT 84780",WASHINGTON,UT,84780,https://safer.fmcsa.dot.gov/query.asp?searchtype=ANY&query_type=queryCarrierSnapshot&query_param=MC_MX&query_string=522703
MC-522704,MIRACLE AUTO TRANSPORT CORP,,CARRIER,Property,(516) 398-4277,,"711 ROHRERSTOWN, LANCASTER, PA 17603","16 TORLEN CT, HAUPPAUGE, NY 11788",LANCASTER,PA,17603,https://safer.fmcsa.dot.gov/query.asp?searchtype=ANY&query_type=queryCarrierSnapshot&query_param=MC_MX&query_string=522704
MC-522706,KATHIE VELDERMAN,KV TRUCKING,CARRIER,Property,(616) 558-2006,,"6878 56TH AVE, HUDSONVILLE, MI 49426","6878 56TH AVE, HUDSONVILLE, MI 49426",HUDSONVILLE,MI,49426,https://safer.fmcsa.dot.gov/query.asp?searchtype=ANY&query_type=queryCarrierSnapshot&query_param=MC_MX&query_string=522706
MC-522710,C LAWLESS TRUCKING LLC,,CARRIER,Property,(936) 563-4878,,"10184 FM 1276, LIVINGSTON, TX 77351","10184 FM 1276, LIVINGSTON, TX 77351",LIVINGSTON,TX,77351,https://safer.fmcsa.dot.gov/query.asp?searchtype=ANY&query_type=queryCarrierSnapshot&query_param=MC_MX&query_string=522710
MC-522715,LUCKY L TRUCKING LLC,,CARRIER,Property,(912) 520-1838,,"602 SEAMAN ST, WAYCROSS, GA 31503","602 SEAMAN ST, WAYCROSS, GA 31503",WAYCROSS,GA,31503,https://safer.fmcsa.dot.gov/query.asp?searchtype=ANY&query_type=queryCarrierSnapshot&query_param=MC_MX&query_string=522715
MC-522716,FRANCIS BEDIAKO,FEBY TRANSPORT,CARRIER,Property,(336) 638-7803,,"3904 WHISPERING WILLOW DRIVE, GREENSBORO, NC 27406","3904 WHISPERING WILLOW DRIVE, GREENSBORO, NC 27406",GREENSBORO,NC,27406,https://safer.fmcsa.dot.gov/query.asp?searchtype=ANY&query_type=queryCarrierSnapshot&query_param=MC_MX&query_string=522716
MC-522717,RAY'S TRUCK SERVICE INC,DIESEL MECHANIC,CARRIER,Property,(256) 974-5126,,"45 CO RD 540, MOULTON, AL 35650-6219","33 CO RD 540, MOULTON, AL 35650-6219",MOULTON,AL,35650-6219,https://safer.fmcsa.dot.gov/query.asp?searchtype=ANY&query_type=queryCarrierSnapshot&query_param=MC_MX&query_string=522717
MC-522735,RIVER CITY CARGO LLC,,CARRIER,Property,(608) 781-3659,,"2707 HARVEY ST, LA CROSSE, WI 54603","2707 HARVEY ST, LA CROSSE, WI 54603",LA CROSSE,WI,54603,https://safer.fmcsa.dot.gov/query.asp?searchtype=ANY&query_type=queryCarrierSnapshot&query_param=MC_MX&query_string=522735
MC-522738,SKY LINE TRUCKLINES INC,,CARRIER,Property,(559) 275-4297,,"5477 W NORWICH AVE, FRESNO, CA 93722","5477 W NORWICH AVE, FRESNO, CA 93722",FRESNO,CA,93722,https://safer.fmcsa.dot.gov/query.asp?searchtype=ANY&query_type=queryCarrierSnapshot&query_param=MC_MX&query_string=522738
MC-522251,WHITES TIRE & TOWING INC,,CARRIER,Property,(251) 296-3370,,"27241 HWY 31, FLOMATON, AL 36441","27269 HIGHWAY 31, FLOMATON, AL 36441-4715",FLOMATON,AL,36441,https://safer.fmcsa.dot.gov/query.asp?searchtype=ANY&query_type=queryCarrierSnapshot&query_param=MC_MX&query_string=522251
MC-522255,FLEET QUEST LLC,,CARRIER,Property,(616) 452-9292,,"3056 EASTERN AVE SE, GRAND RAPIDS, MI 49548","3056 EASTERN AVE SE, GRAND RAPIDS, MI 49548",GRAND RAPIDS,MI,49548,https://safer.fmcsa.dot.gov/query.asp?searchtype=ANY&query_type=queryCarrierSnapshot&query_param=MC_MX&query_string=522255
MC-522270,BEN ROGERS,,CARRIER,Property,(217) 269-2160,,"19901 N 1625TH ST, CHRISMAN, IL 61924","19901 N 1625TH ST, CHRISMAN, IL 61924",CHRISMAN,IL,61924,https://safer.fmcsa.dot.gov/query.asp?searchtype=ANY&query_type=queryCarrierSnapshot&query_param=MC_MX&query_string=522270
MC-522281,MCS LOGISTICS LLC,JOB TRAILER STORAGE,CARRIER,Property,(513) 641-4330,,"4510 READING ROAD, CINCINNATI, OH 45229","PO BOX 176715, FT MITCHELL, KY 41017",CINCINNATI,OH,45229,https://safer.fmcsa.dot.gov/query.asp?searchtype=ANY&query_type=queryCarrierSnapshot&query_param=MC_MX&query_string=522281
MC-522288,REH EXPRESS INC,,CARRIER,Property,(703) 574-8395,,"44258 MERCURE CIRCLE 101-A, STERLING, VA 20166","44258 MERCURE CIRCLE 101-A, STERLING, VA 20166",STERLING,VA,20166,https://safer.fmcsa.dot.gov/query.asp?searchtype=ANY&query_type=queryCarrierSnapshot&query_param=MC_MX&query_string=522288
MC-522289,GRAND TRANSPORTATION LLC,,CARRIER,Property,(801) 652-3801,,"6816 S ENCANTED DRIVE, MIDVALE, UT 84047","6816 S ENCANTED DRIVE, MIDVALE, UT 84047",MIDVALE,UT,84047,https://safer.fmcsa.dot.gov/query.asp?searchtype=ANY&query_type=queryCarrierSnapshot&query_param=MC_MX&query_string=522289
MC-522294,JOSE FIDEL LARA AYALA,KBC TRANSPORT,CARRIER,Property,(832) 526-6674,,"1710 SONOMA TRAIL, HOUSTON, TX 77049","1710 SONOMA TRAIL, HOUSTON, TX 77049",HOUSTON,TX,77049,https://safer.fmcsa.dot.gov/query.asp?searchtype=ANY&query_type=queryCarrierSnapshot&query_param=MC_MX&query_string=522294
MC-522297,EARL RICARD,,CARRIER,Property,(507) 436-5408,,"206 N JAMES ST, FAIRMONT, MN 56031","206 N JAMES ST, FAIRMONT, MN 56031",FAIRMONT,MN,56031,https://safer.fmcsa.dot.gov/query.asp?searchtype=ANY&query_type=queryCarrierSnapshot&query_param=MC_MX&query_string=522297
MC-522298,MAGNUM FORCE INC,,CARRIER,Property,(323) 706-8428,,"730 W 109TH PL, LOS ANGELES, CA 90044","730 W 109TH PL, LOS ANGELES, CA 90044",LOS ANGELES,CA,90044,https://safer.fmcsa.dot.gov/query.asp?searchtype=ANY&query_type=queryCarrierSnapshot&query_param=MC_MX&query_string=522298
MC-522303,JIM'S TOWING SERVICE INC,,CARRIER,Property,(661) 832-7080,,"3610 ALKEN ST, BAKERSFIELD, CA 93308","PO BOX 40970, BAKERSFIELD, CA 93384",BAKERSFIELD,CA,93308,https://safer.fmcsa.dot.gov/query.asp?searchtype=ANY&query_type=queryCarrierSnapshot&query_param=MC_MX&query_string=522303
MC-522312,WINCHELL TRUCKING LLC,,CARRIER,Property,(620) 655-7974,,"124981 EW 21 RD, BALKO, OK 73931","PO BOX 116, BALKO, OK 73931",BALKO,OK,73931,https://safer.fmcsa.dot.gov/query.asp?searchtype=ANY&query_type=queryCarrierSnapshot&query_param=MC_MX&query_string=522312
MC-522315,FILSON MANUFACTURING COMPANY INC,,CARRIER,Property,(800) 345-7434,,"102-108 SOUTH BROADWAY, PROTECTION, KS 67127-0067","P O BOX 67, PROTECTION, KS 67127",PROTECTION,KS,67127-0067,https://safer.fmcsa.dot.gov/query.asp?searchtype=ANY&query_type=queryCarrierSnapshot&query_param=MC_MX&query_string=522315
MC-522326,VEGAS LINES LLC,,CARRIER,Property,(702) 222-1024,,"6280 W OQUENDO ROAD, LAS VEGAS, NV 89118","6280 W OQUENDO ROAD, LAS VEGAS, NV 89118",LAS VEGAS,NV,89118,https://safer.fmcsa.dot.gov/query.asp?searchtype=ANY&query_type=queryCarrierSnapshot&query_param=MC_MX&query_string=522326
MC-522342,TOMCAT KANHAUL INC,,CARRIER,Property,(270) 434-4011,,"1555 CAPITOL HILL CH RD, FOUNTAIN RUN, KY 42133","1555 CAPITOL HILL CHURCH RD, FOUNTAIN RUN, KY 42133",FOUNTAIN RUN,KY,42133,https://safer.fmcsa.dot.gov/query.asp?searchtype=ANY&query_type=queryCarrierSnapshot&query_param=MC_MX&query_string=522342
MC-522352,CRISTOBAL MANZANAREZ,MANZANAREZ TRUCKING,CARRIER,Property,(909) 202-6923,,"431 HAWTHORNE ST, RIALTO, CA 92376","431 HAWTHORNE ST, RIALTO, CA 92376",RIALTO,CA,92376,https://safer.fmcsa.dot.gov/query.asp?searchtype=ANY&query_type=queryCarrierSnapshot&query_param=MC_MX&query_string=522352
MC-522372,MIDWEST HOSE & SPECIALTY,,CARRIER,Property,(405) 670-6718,,"3312 SOUTH I 35 SERVICE ROAD, OKLAHOMA CITY, OK 73129","P O BOX 96558, OKLAHOMA CITY, OK 73143",OKLAHOMA CITY,OK,73129,https://safer.fmcsa.dot.gov/query.asp?searchtype=ANY&query_type=queryCarrierSnapshot&query_param=MC_MX&query_string=522372
MC-522376,AKERS ENT LLC,AKERS ENTERPRISES,CARRIER,Property,(765) 490-7085,,"1311 W COUNTRY CLUB RD, CRAWFORDSVILLE, IN 47933","PO BOX 468, CRAWFORDSVILLE, IN 47933",CRAWFORDSVILLE,IN,47933,https://safer.fmcsa.dot.gov/query.asp?searchtype=ANY&query_type=queryCarrierSnapshot&query_param=MC_MX&query_string=522376
MC-522378,PETER KUZMENKO,PETER WAY EXPRESS,CARRIER,Property,(916) 709-3225,,"921 CASILADA WAY, SACRAMENTO, CA 95822","921 CASILADA WAY, SACRAMENTO, CA 95822",SACRAMENTO,CA,95822,https://safer.fmcsa.dot.gov/query.asp?searchtype=ANY&query_type=queryCarrierSnapshot&query_param=MC_MX&query_string=522378
MC-522390,TRINITY CARRIER SERVICES LLC,,CARRIER,Property,(770) 716-6517,,"1572 HWY 85 NORTH SUITE 205, FAYETTEVILLE, GA 30214","POB 142833, FAYETTEVILLE, GA 30214",FAYETTEVILLE,GA,30214,https://safer.fmcsa.dot.gov/query.asp?searchtype=ANY&query_type=queryCarrierSnapshot&query_param=MC_MX&query_string=522390
MC-522392,PARTNERS TRANSPORTATION SERVICES LLC,,CARRIER,Property,(815) 423-9100,,"26634 S WALTON DR, ELWOOD, IL 60421","26634 S WALTON DR, ELWOOD, IL 60421",ELWOOD,IL,60421,https://safer.fmcsa.dot.gov/query.asp?searchtype=ANY&query_type=queryCarrierSnapshot&query_param=MC_MX&query_string=522392
MC-522405,2038463 ONTARIO INC,ELAINES EXPRESS,CARRIER,Property,(905) 746-5567,,"161 ROXBOROUGH AVENUE, STONEY CREEK, ON L8E 1S6","161 ROXBOROUGH AVENUE, STONEY CREEK, ON L8E 1S6",,,,https://safer.fmcsa.dot.gov/query.asp?searchtype=ANY&query_type=queryCarrierSnapshot&query_param=MC_MX&query_string=522405
MC-522431,HASELBY TRUCKING LLC,,CARRIER,Property,(574) 643-9928,,"9724 S 675 E, ROYAL CENTER, IN 46978","9724 S 675 E, ROYAL CENTER, IN 46978",ROYAL CENTER,IN,46978,https://safer.fmcsa.dot.gov/query.asp?searchtype=ANY&query_type=queryCarrierSnapshot&query_param=MC_MX&query_string=522431
MC-522435,VANHOY BROTHERS INC,,CARRIER,Property,(336) 468-2297,,"1721 BURGESS RD, HAMPTONVILLE, NC 27020-7650","1721 BURGESS RD, HAMPTONVILLE, NC 27020-7650",HAMPTONVILLE,NC,27020-7650,https://safer.fmcsa.dot.gov/query.asp?searchtype=ANY&query_type=queryCarrierSnapshot&query_param=MC_MX&query_string=522435
MC-522480,LIL' MAC'S HAULING & RECOVERY INC,,CARRIER,Property,(704) 739-6999,,"400 LINWOOD RD, KINGS MOUNTAIN, NC 28086","PO BOX 251, KINGS MOUNTAIN, NC 28086",KINGS MOUNTAIN,NC,28086,https://safer.fmcsa.dot.gov/query.asp?searchtype=ANY&query_type=queryCarrierSnapshot&query_param=MC_MX&query_string=522480
MC-524258,R L W ENTERPRISES INC,,CARRIER,Property,(678) 447-3647,,"480 FREY ROAD, DALLAS, GA 30132","480 FREY ROAD, DALLAS, GA 30132",DALLAS,GA,30132,https://safer.fmcsa.dot.gov/query.asp?searchtype=ANY&query_type=queryCarrierSnapshot&query_param=MC_MX&query_string=524258
MC-524262,LAND VIEW INC,,CARRIER/SHIPPER,Property,(208) 531-4100,,"20504 4TH STREET ACEQUIA, RUPERT, ID 83350","PO BOX 475, RUPERT, ID 83350",RUPERT,ID,83350,https://safer.fmcsa.dot.gov/query.asp?searchtype=ANY&query_type=queryCarrierSnapshot&query_param=MC_MX&query_string=524262
MC-524283,SUMMIT NW CORPORATION,,CARRIER,Property,(206) 571-0299,,"5330 NE COURIER CT SUITE A, PORTLAND, OR 97218","5165 EMERALD PARKWAY SUITE #300, DUBLIN, OH 43017",PORTLAND,OR,97218,https://safer.fmcsa.dot.gov/query.asp?searchtype=ANY&query_type=queryCarrierSnapshot&query_param=MC_MX&query_string=524283
MC-524291,AFFORDABLE SENSIBLE AND PROFESSIONAL MOVING CO LLC,ASAP MOVING CO,CARRIER,Property,(512) 343-6683,,"3601 W PARMER LN STE 107, AUSTIN, TX 78727-4113","3601 W PARMER LN STE 107, AUSTIN, TX 78727-4113",AUSTIN,TX,78727-4113,https://safer.fmcsa.dot.gov/query.asp?searchtype=ANY&query_type=queryCarrierSnapshot&query_param=MC_MX&query_string=524291
MC-524295,SHAREEN CARLSON 1115 1950,RDS TRUCKING INC,CARRIER,Property,(507) 433-1177,,"27739 890TH AVE, AUSTIN, MN 55912","27739 890TH AVE, AUSTIN, MN 55912",AUSTIN,MN,55912,https://safer.fmcsa.dot.gov/query.asp?searchtype=ANY&query_type=queryCarrierSnapshot&query_param=MC_MX&query_string=524295
MC-524306,ADS TRANSPORTATION INC,ADS TRANSPORTATION,CARRIER,Property,(850) 251-3810,,"407 S LANIER AVE, FORT MEADE, FL 33841","407 S LANIER AVE, FORT MEADE, FL 33841",FORT MEADE,FL,33841,https://safer.fmcsa.dot.gov/query.asp?searchtype=ANY&query_type=queryCarrierSnapshot&query_param=MC_MX&query_string=524306
MC-524325,VAN'S SERVICE TOWING INC,,CARRIER,Property,(586) 775-5500,,"29191 GROESBECK, ROSEVILLE, MI 48066","29191 GROESBECK, ROSEVILLE, MI 48066",ROSEVILLE,MI,48066,https://safer.fmcsa.dot.gov/query.asp?searchtype=ANY&query_type=queryCarrierSnapshot&query_param=MC_MX&query_string=524325
MC-524344,TODACK TRUCKING INC,,CARRIER,Property,(303) 901-5767,,"55563 E 39TH AVE, STRASBURG, CO 80136","55563 E 39TH AVE, STRASBURG, CO 80136",STRASBURG,CO,80136,https://safer.fmcsa.dot.gov/query.asp?searchtype=ANY&query_type=queryCarrierSnapshot&query_param=MC_MX&query_string=524344
MC-524357,CJR ENTERPRISES INC,TWO MEN AND A TRUCK,CARRIER,Property,(334) 887-2636,,"325 LEE RD 672, AUBURN, AL 36832","325 LEE RD 672, AUBURN, AL 36832",AUBURN,AL,36832,https://safer.fmcsa.dot.gov/query.asp?searchtype=ANY&query_type=queryCarrierSnapshot&query_param=MC_MX&query_string=524357
MC-524365,DODIK TRUCKING INC,,CARRIER,Property,(727) 202-5008,,"2501 CHATHAM RD SUITE#8756, SPRINGFIELD, IL 62704","2501 CHATHAM RD SUITE#8756, SPRINGFIELD, IL 62704",SPRINGFIELD,IL,62704,https://safer.fmcsa.dot.gov/query.asp?searchtype=ANY&query_type=queryCarrierSnapshot&query_param=MC_MX&query_string=524365
MC-524384,FRANK'S AUTO TRANSPORT AND TOWING,,CARRIER,Property,(410) 808-0397,,"230 W WOODBIND RD, FAWN GROVE, PA 17321","230 W WOODBIND RD, FAWN GROVE, PA 17321",FAWN GROVE,PA,17321,https://safer.fmcsa.dot.gov/query.asp?searchtype=ANY&query_type=queryCarrierSnapshot&query_param=MC_MX&query_string=524384
MC-524393,AREA LAKES LIMOUSINE LLC,,CARRIER,Property,(262) 728-7715,,"6250 STATE ROAD 11, ELKHORN, WI 53121","6250 STATE ROAD 11, ELKHORN, WI 53121",ELKHORN,WI,53121,https://safer.fmcsa.dot.gov/query.asp?searchtype=ANY&query_type=queryCarrierSnapshot&query_param=MC_MX&query_string=524393
MC-524438,TRIPLE S LOGGING INC,,CARRIER,Property,(815) 343-1989,,"884 COLUMBIA RD, WASHBURN, IL 61570","884 COLUMBIA RD, WASHBURN, IL 61570",WASHBURN,IL,61570,https://safer.fmcsa.dot.gov/query.asp?searchtype=ANY&query_type=queryCarrierSnapshot&query_param=MC_MX&query_string=524438
MC-524456,DMK EXPRESS INC,,CARRIER,Property,(708) 546-0508,,"6601 S MENARD AVE, BEDFORD PARK, IL 60638","6601 S MENARD AVE, BEDFORD PARK, IL 60638",BEDFORD PARK,IL,60638,https://safer.fmcsa.dot.gov/query.asp?searchtype=ANY&query_type=queryCarrierSnapshot&query_param=MC_MX&query_string=524456
MC-524482,BWG TRANSPORT LTD,NIGHT TRAIN EXPRESS,CARRIER,Property,,,"SE 32-3-3E, WINKLER, MB R6W 4A6","BOX 436, WINKLER, MB R6W 4A6",,,,https://safer.fmcsa.dot.gov/query.asp?searchtype=ANY&query_type=queryCarrierSnapshot&query_param=MC_MX&query_string=524482
MC-524487,S A S TRUCKING INC,,CARRIER,Property,(727) 204-3311,,"9407 NILE DRIVE, NEW PORT RICHEY, FL 34656","9407 NILE DRIVE, NEW PORT RICHEY, FL 34656",NEW PORT RICHEY,FL,34656,https://safer.fmcsa.dot.gov/query.asp?searchtype=ANY&query_type=queryCarrierSnapshot&query_param=MC_MX&query_string=524487
MC-524500,SUTHERLAND TRANSPORT INC,,CARRIER,Property,(276) 329-5451,,"401 LAKEHILL ROAD, ROSEDALE, VA 24280","24234 EAGLE SITE DR, ABINGDON, VA 24211",ROSEDALE,VA,24280,https://safer.fmcsa.dot.gov/query.asp?searchtype=ANY&query_type=queryCarrierSnapshot&query_param=MC_MX&query_string=524500
MC-523760,TIM BRAME,BRAME TRUCKING,CARRIER,Property,(701) 984-2226,,"321 ANSON AVE NE, SYKESTON, ND 58486","321 ANSON AVE NE, SYKESTON, ND 58486",SYKESTON,ND,58486,https://safer.fmcsa.dot.gov/query.asp?searchtype=ANY&query_type=queryCarrierSnapshot&query_param=MC_MX&query_string=523760
MC-523775,K & H COLLECTIBLES INC,KRACHT TRUCKING,CARRIER,Property,(507) 283-9480,,"1971 91ST ST, MAGNOLIA, MN 56158","1971 91ST ST, MAGNOLIA, MN 56158",MAGNOLIA,MN,56158,https://safer.fmcsa.dot.gov/query.asp?searchtype=ANY&query_type=queryCarrierSnapshot&query_param=MC_MX&query_string=523775
MC-523802,H & H VERSATILE SERVICES INC,SPYCO OILFIELD SERVICES,CARRIER,Property,(435) 828-0538,,"1395 E 1300 S, VERNAL, UT 84078","P O BOX 1145, VERNAL, UT 84078",VERNAL,UT,84078,https://safer.fmcsa.dot.gov/query.asp?searchtype=ANY&query_type=queryCarrierSnapshot&query_param=MC_MX&query_string=523802
MC-523834,KENNETH E NEAL,TRITON LAWN AND YARD MAINTENANCE,CARRIER,Property,(503) 556-4122,,"67431 MCCOY RD, RAINIER, OR 97048","PO BOX 1206, RAINIER, OR 97048",RAINIER,OR,97048,https://safer.fmcsa.dot.gov/query.asp?searchtype=ANY&query_type=queryCarrierSnapshot&query_param=MC_MX&query_string=523834
MC-523835,END ROUTE INC,,CARRIER,Property,(209) 627-5907,,"1723 WOODLAND LN, TRACY, CA 95376","1723 WOODLAND LN, TRACY, CA 95376",TRACY,CA,95376,https://safer.fmcsa.dot.gov/query.asp?searchtype=ANY&query_type=queryCarrierSnapshot&query_param=MC_MX&query_string=523835
MC-523842,TRAYWICK TRUCKING INC,,CARRIER,Property,(704) 225-8212,,"4805 DUNCAN ROAD, MONROE, NC 28110-6963","4805 DUNCAN ROAD, MONROE, NC 28110-6963",MONROE,NC,28110-6963,https://safer.fmcsa.dot.gov/query.asp?searchtype=ANY&query_type=queryCarrierSnapshot&query_param=MC_MX&query_string=523842
MC-523855,EDGAR GUTIERREZ,EG TRUCKING,CARRIER,Property,(702) 423-5303,,"1313 FIESTA GRANDE CT, NORTH LAS VEGAS, NV 89031","1313 FIESTA GRANDE CT, NORTH LAS VEGAS, NV 89031",NORTH LAS VEGAS,NV,89031,https://safer.fmcsa.dot.gov/query.asp?searchtype=ANY&query_type=queryCarrierSnapshot&query_param=MC_MX&query_string=523855
MC-523857,MSK TRUCKING LLC,,CARRIER,Property,(570) 587-0170,,"R R 2 BOX 138, FALLS, PA 18615","R R 2 BOX 138, FALLS, PA 18615",FALLS,PA,18615,https://safer.fmcsa.dot.gov/query.asp?searchtype=ANY&query_type=queryCarrierSnapshot&query_param=MC_MX&query_string=523857
MC-523862,IOWA EXPRESS INC,,CARRIER,Property,(515) 556-6846,,"2812 78TH STREET, URBANDALE, IA 50322","2812 78TH STREET, URBANDALE, IA 50322",URBANDALE,IA,50322,https://safer.fmcsa.dot.gov/query.asp?searchtype=ANY&query_type=queryCarrierSnapshot&query_param=MC_MX&query_string=523862
MC-523865,9155-1382 QUEBEC INC,TRANSPORT CHOQUETTE,CARRIER,Property,(450) 779-8507,,"1909 GRANDE LIGNE, ST-ALEXANDRE, PQ J0J 1S0","1909 GRANDE LIGNE, ST-ALEXANDRE, PQ J0J 1S0",,,,https://safer.fmcsa.dot.gov/query.asp?searchtype=ANY&query_type=queryCarrierSnapshot&query_param=MC_MX&query_string=523865
MC-523866,A STAR BOAT HAULERS INC,,CARRIER,Property,(401) 294-9662,,"45 WEST ALLENTOWN ROAD, NORTH KINGSTOWN, RI 02852","45 WEST ALLENTOWN ROAD, NORTH KINGSTOWN, RI 02852",NORTH KINGSTOWN,RI,02852,https://safer.fmcsa.dot.gov/query.asp?searchtype=ANY&query_type=queryCarrierSnapshot&query_param=MC_MX&query_string=523866
MC-523881,NAS TRUCKING LLC,,CARRIER,Property,(308) 379-0963,,"3819 SPARROW CIRCLE, GRAND ISLAND, NE 68803","3819 SPARROW CIRCLE, GRAND ISLAND, NE 68803",GRAND ISLAND,NE,68803,https://safer.fmcsa.dot.gov/query.asp?searchtype=ANY&query_type=queryCarrierSnapshot&query_param=MC_MX&query_string=523881
MC-523893,BUSTERS AUTO WRECKING INC,,CARRIER,Property,(304) 292-2586,,"7 LOWER HILDEBRAND ROAD, MORGANTOWN, WV 26501","PO BOX 334, PURSGLOVE, WV 26546",MORGANTOWN,WV,26501,https://safer.fmcsa.dot.gov/query.asp?searchtype=ANY&query_type=queryCarrierSnapshot&query_param=MC_MX&query_string=523893
MC-523899,CAL LOWBED SERVICES INC,,CARRIER,Property,(661) 440-3406,,"6837 KREBS ROAD, BAKERSFIELD, CA 93308","6837 KREBS ROAD, BAKERSFIELD, CA 93308",BAKERSFIELD,CA,93308,https://safer.fmcsa.dot.gov/query.asp?searchtype=ANY&query_type=queryCarrierSnapshot&query_param=MC_MX&query_string=523899
MC-523906,SYCAMORE TRUCKING INC,,CARRIER,Property,(631) 741-5839,,"606 S JOHNSON STREET, HOPE, AR 71801","606 S JOHNSON STREET, HOPE, AR 71801",HOPE,AR,71801,https://safer.fmcsa.dot.gov/query.asp?searchtype=ANY&query_type=queryCarrierSnapshot&query_param=MC_MX&query_string=523906
MC-523923,CIRCLE T LOGISTICS INC,,CARRIER,Property,(740) 383-9414,,"1629 CASCADE DRIVE, MARION, OH 43302","1629 CASCADE DRIVE, MARION, OH 43302",MARION,OH,43302,https://safer.fmcsa.dot.gov/query.asp?searchtype=ANY&query_type=queryCarrierSnapshot&query_param=MC_MX&query_string=523923
MC-523939,CADENA TRANSPORT INC,,CARRIER,Property,(916) 501-1698,,"3420 E FELIX BL 1, TUCSON, AZ 85706","3420 E FELIX BL 1, TUCSON, AZ 85706",TUCSON,AZ,85706,https://safer.fmcsa.dot.gov/query.asp?searchtype=ANY&query_type=queryCarrierSnapshot&query_param=MC_MX&query_string=523939
MC-523947,PRECISION AUTO SALES & BODY WORKS INC,WILLY'S PRECISION TOWING,CARRIER,Property,(401) 231-6866,,"100 SOUTH ST, JOHNSTON, RI 02919","100 SOUTH ST, JOHNSTON, RI 02919",JOHNSTON,RI,02919,https://safer.fmcsa.dot.gov/query.asp?searchtype=ANY&query_type=queryCarrierSnapshot&query_param=MC_MX&query_string=523947
MC-523951,PITTMAN TRUCKING INC,,CARRIER,Property,(707) 496-2586,,"17380 AUCTION YARD, COTTONWOOD, CA 96022","PO BOX 638, COTTONWOOD, CA 96022",COTTONWOOD,CA,96022,https://safer.fmcsa.dot.gov/query.asp?searchtype=ANY&query_type=queryCarrierSnapshot&query_param=MC_MX&query_string=523951
MC-523961,WANNER ROCK LLC,,CARRIER,Property,(208) 852-3122,,"254 W 200 S, PRESTON, ID 83263","PO BOX 466, PRESTON, ID 83263",PRESTON,ID,83263,https://safer.fmcsa.dot.gov/query.asp?searchtype=ANY&query_type=queryCarrierSnapshot&query_param=MC_MX&query_string=523961
MC-523970,SNYIR INC,TWO MEN AND A TRUCK - SACRAMENTO,CARRIER/SHIPPER,Property,(916) 852-7411,,"8362 GALENA AVE, SACRAMENTO, CA 95828","8362 GALENA AVE, SACRAMENTO, CA 95828",SACRAMENTO,CA,95828,https://safer.fmcsa.dot.gov/query.asp?searchtype=ANY&query_type=queryCarrierSnapshot&query_param=MC_MX&query_string=523970
MC-523980,J AND J LEASING INC,,CARRIER,Property,(479) 267-5623,,"4170 W MLK BLVD STE 910, FAYETTEVILLE, AR 72704","PO BOX 1439, FARMINGTON, AR 72730",FAYETTEVILLE,AR,72704,https://safer.fmcsa.dot.gov/query.asp?searchtype=ANY&query_type=queryCarrierSnapshot&query_param=MC_MX&query_string=523980
MC-523984,EASTERN ENVIRONMENTAL MANAGEMENT LLC,,CARRIER,Property,(252) 443-2224,,"518 SOUTH PEARL STREET, ROCKY MOUNT, NC 27804","PO BOX 4030, ROCKY MOUNT, NC 27803",ROCKY MOUNT,NC,27804,https://safer.fmcsa.dot.gov/query.asp?searchtype=ANY&query_type=queryCarrierSnapshot&query_param=MC_MX&query_string=523984
MC-523990,DAVID THOMAS TRANSPORTATION INC,DAVID THOMAS TRANSPORTATION,CARRIER,Property,(215) 969-6700,,"14005 MCNULTY ROAD, PHILADELPHIA, PA 19154","14005 MCNULTY ROAD, PHILADELPHIA, PA 19154",PHILADELPHIA,PA,19154,https://safer.fmcsa.dot.gov/query.asp?searchtype=ANY&query_type=queryCarrierSnapshot&query_param=MC_MX&query_string=523990
MC-523017,ADVANCE TRANSPORTATION AND LOGISTICS INC,,CARRIER,Property,(540) 591-9087,,"1601 SEIBEL DRIVE, ROANOKE, VA 24012","PO BOX 312, TROUTVILLE, VA 24175",ROANOKE,VA,24012,https://safer.fmcsa.dot.gov/query.asp?searchtype=ANY&query_type=queryCarrierSnapshot&query_param=MC_MX&query_string=523017
MC-523026,INMOTION EXPRESS INC,,CARRIER,Property,(909) 479-1227,,"13038 MELON AVE, CHINO, CA 91710","13038 MELON AVE, CHINO, CA 91710",CHINO,CA,91710,https://safer.fmcsa.dot.gov/query.asp?searchtype=ANY&query_type=queryCarrierSnapshot&query_param=MC_MX&query_string=523026
MC-523047,JASON J BARRY,,CARRIER,Property,(570) 503-0469,,"1326 FERNWOOD RD, LAKE ARIEL, PA 18436","1326 FERNWOOD RD, LAKE ARIEL, PA 18436",LAKE ARIEL,PA,18436,https://safer.fmcsa.dot.gov/query.asp?searchtype=ANY&query_type=queryCarrierSnapshot&query_param=MC_MX&query_string=523047
MC-523050,BENNY L PIEPER,BEN PIEPER TRUCKING,CARRIER,Property,(217) 433-8569,,"101 WASHINGTON ST, OHLMAN, IL 62076","101 WASHINGTON ST PO BOX 164, OHLMAN, IL 62076",OHLMAN,IL,62076,https://safer.fmcsa.dot.gov/query.asp?searchtype=ANY&query_type=queryCarrierSnapshot&query_param=MC_MX&query_string=523050
MC-523051,TBS INC,,CARRIER,Property,(620) 624-2676,,"729 E PANCAKE BLVD, LIBERAL, KS 67901","P O BOX 1353, LIBERAL, KS 67901",LIBERAL,KS,67901,https://safer.fmcsa.dot.gov/query.asp?searchtype=ANY&query_type=queryCarrierSnapshot&query_param=MC_MX&query_string=523051
MC-523081,MENEZES HAY COMPANY,,CARRIER,Property,(209) 394-3111,,"5030 DWIGHT WAY, LIVINGSTON, CA 95334","5030 DWIGHT WAY, LIVINGSTON, CA 95334",LIVINGSTON,CA,95334,https://safer.fmcsa.dot.gov/query.asp?searchtype=ANY&query_type=queryCarrierSnapshot&query_param=MC_MX&query_string=523081
MC-523094,MOUNTAIN VIEW TRANSPORT LLC,,CARRIER,Property,(503) 358-0687,,"9611 NE 87TH AVE, VANCOUVER, WA 98662","PO BOX 821788, VANCOUVER, WA 98682",VANCOUVER,WA,98662,https://safer.fmcsa.dot.gov/query.asp?searchtype=ANY&query_type=queryCarrierSnapshot&query_param=MC_MX&query_string=523094
MC-523116,MAJESTIC CARRIERS LLC,,CARRIER,Property,(678) 412-0412,,"2309 RED MAPLE CT SE, CONYERS, GA 30013","PO BOX 80546, CONYERS, GA 30013",CONYERS,GA,30013,https://safer.fmcsa.dot.gov/query.asp?searchtype=ANY&query_type=queryCarrierSnapshot&query_param=MC_MX&query_string=523116
MC-523121,EAJ TRUCKING LLC,,CARRIER,Property,(661) 507-7276,,"1642 MCCULLOCH BLVD N #231, LAKE HAVASU CITY, AZ 86403","1642 MCCULLOCH BLVD N #231, LAKE HAVASU CITY, AZ 86403",LAKE HAVASU CITY,AZ,86403,https://safer.fmcsa.dot.gov/query.asp?searchtype=ANY&query_type=queryCarrierSnapshot&query_param=MC_MX&query_string=523121
MC-523127,RAFAEL M ZAVALETA,,CARRIER,Property,(909) 697-6947,,"7662 LIME AVE, FONTANA, CA 92336","7662 LIME AVE, FONTANA, CA 92336",FONTANA,CA,92336,https://safer.fmcsa.dot.gov/query.asp?searchtype=ANY&query_type=queryCarrierSnapshot&query_param=MC_MX&query_string=523127
MC-523131,DIRECT TRANSPORT SYSTEMS INC,TRANSPOTATION,CARRIER,Property,(516) 852-2709,,"700 ROUTE 46 W UNIT 3, CLIFTON, NJ 07013","PO BOX 386 FARMINGDALE NY, FAMINGDALE, NY 11735",CLIFTON,NJ,07013,https://safer.fmcsa.dot.gov/query.asp?searchtype=ANY&query_type=queryCarrierSnapshot&query_param=MC_MX&query_string=523131
MC-523174,TONY PRICE,TONYS TRANSPORTATION,CARRIER,Property,(562) 881-6783,,"2908 E SOUTH ST #1, LONG BEACH, CA 90805","2908 E SOUTH ST #1, LONG BEACH, CA 90805",LONG BEACH,CA,90805,https://safer.fmcsa.dot.gov/query.asp?searchtype=ANY&query_type=queryCarrierSnapshot&query_param=MC_MX&query_string=523174
MC-523177,KING TRUCKING INC,,CARRIER,Property,(541) 573-2880,,"29292 WRECKING YARD LANE, HINES, OR 97738","PO BOX 657, BURNS, OR 97720",HINES,OR,97738,https://safer.fmcsa.dot.gov/query.asp?searchtype=ANY&query_type=queryCarrierSnapshot&query_param=MC_MX&query_string=523177
MC-523182,WASHINTON OFFICE INSTALLATION LLC,,CARRIER,Property,(240) 876-5619,,"12 DERWOOD CIRCLE, ROCKVILLE, MD 20832","12 DERWOOD CIRCLE, ROCKVILLE, MD 20832",ROCKVILLE,MD,20832,https://safer.fmcsa.dot.gov/query.asp?searchtype=ANY&query_type=queryCarrierSnapshot&query_param=MC_MX&query_string=523182
MC-523220,WHIT LANDRETH,DBS & TOWING LLC,CARRIER,Property,(864) 449-3909,,"430 ANDERSON RD, PENDLETON, SC 29670","430 ANDERSON RD, PENDLETON, SC 29670",PENDLETON,SC,29670,https://safer.fmcsa.dot.gov/query.asp?searchtype=ANY&query_type=queryCarrierSnapshot&query_param=MC_MX&query_string=523220
MC-523224,ROADEX AMERICA INC,,CARRIER,Property,(310) 878-9800,,"2132B E DOMINGUEZ ST BLDG B, CARSON, CA 90810-1026","2132B E DOMINGUEZ ST BLDG B, CARSON, CA 90810-1026",CARSON,CA,90810-1026,https://safer.fmcsa.dot.gov/query.asp?searchtype=ANY&query_type=queryCarrierSnapshot&query_param=MC_MX&query_string=523224
MC-523240,PROCHARM EXPRESS INC,,CARRIER,Property,(418) 665-5815,,"134 CHEMIN ST JEAN BAPTISTE, LA MALBAIE, PQ G5A 2E6","134 CHEMIN ST JEAN BAPTISTE, LA MALBAIE, PQ G5A 2E6",,,,https://safer.fmcsa.dot.gov/query.asp?searchtype=ANY&query_type=queryCarrierSnapshot&query_param=MC_MX&query_string=523240
MC-523241,RANDALL L REIFF,,CARRIER,Property,(717) 355-0813,,"450 SUNCREST ROAD, EPHRATA, PA 17522","450 SUNCREST ROAD, EPHRATA, PA 17522",EPHRATA,PA,17522,https://safer.fmcsa.dot.gov/query.asp?searchtype=ANY&query_type=queryCarrierSnapshot&query_param=MC_MX&query_string=523241
MC-523250,ADS TRANSPORT INC,,CARRIER,Property,(678) 521-9439,,"1605 BURNT OAK WAY, DACULA, GA 30019","1605 BURNT OAK WAY, DACULA, GA 30019",DACULA,GA,30019,https://safer.fmcsa.dot.gov/query.asp?searchtype=ANY&query_type=queryCarrierSnapshot&query_param=MC_MX&query_string=523250
MC-522758,MANWELLING TRUCKING INC,,CARRIER,Property,(309) 795-1516,,"602 W 2ND ST, ANDALUSIA, IL 61232","PO BOX 476, ANDALUSIA, IL 61232",ANDALUSIA,IL,61232,https://safer.fmcsa.dot.gov/query.asp?searchtype=ANY&query_type=queryCarrierSnapshot&query_param=MC_MX&query_string=522758
MC-522769,ROSS E MARTIN,,CARRIER,Property,(717) 445-6918,,"1396 DOUGLAS DRIVE, DENVER, PA 17517","1396 DOUGLAS DRIVE, DENVER, PA 17517",DENVER,PA,17517,https://safer.fmcsa.dot.gov/query.asp?searchtype=ANY&query_type=queryCarrierSnapshot&query_param=MC_MX&query_string=522769
MC-522792,AMA MATERIAL SUPPLY INC,,CARRIER,Property,(419) 238-2217,,"185 BURT STREET, VAN WERT, OH 45891","PO BOX 412, VAN WERT, OH 45891",VAN WERT,OH,45891,https://safer.fmcsa.dot.gov/query.asp?searchtype=ANY&query_type=queryCarrierSnapshot&query_param=MC_MX&query_string=522792
MC-522796,GLAUBENSKLEE TRUCKING LLC,,CARRIER,Property,(801) 577-4147,,"3862 SOUTH LAKE VISTA DR, SARATOGA SPRINGS, UT 84045","3862 SOUTH LAKE VISTA DR, SARATOGA SPRINGS, UT 84045",SARATOGA SPRINGS,UT,84045,https://safer.fmcsa.dot.gov/query.asp?searchtype=ANY&query_type=queryCarrierSnapshot&query_param=MC_MX&query_string=522796
MC-522798,PORT HARBOR MARINE INC,,CARRIER,Property,(207) 767-3254,,"1 SPRING POINT DR, SOUTH PORTLAND, ME 04106","P O BOX 2350, SOUTH PORTLAND, ME 04116-2350",SOUTH PORTLAND,ME,04106,https://safer.fmcsa.dot.gov/query.asp?searchtype=ANY&query_type=queryCarrierSnapshot&query_param=MC_MX&query_string=522798
MC-522808,O AND M TRUCKING INC,,CARRIER,Property,(877) 666-0588,,"508 STEVENSVILLE STREET, PORT CHARLOTTE, FL 33954","508 STEVENSVILLE STREET, PORT CHARLOTTE, FL 33954",PORT CHARLOTTE,FL,33954,https://safer.fmcsa.dot.gov/query.asp?searchtype=ANY&query_type=queryCarrierSnapshot&query_param=MC_MX&query_string=522808
MC-522811,UPHOLD TRUCKING LLC,,CARRIER,Property,(724) 208-0063,,"180 TALL OAKS, FARMINGTON, PA 15437","PO BOX 191, FARMINGTON, PA 15437-0191",FARMINGTON,PA,15437,https://safer.fmcsa.dot.gov/query.asp?searchtype=ANY&query_type=queryCarrierSnapshot&query_param=MC_MX&query_string=522811
MC-522822,B & J CFS INC,,CARRIER,Property,(310) 410-1487,,"13635 CIMARRON AVE, GARDENA, CA 90249","13635 CIMARRON AVE, GARDENA, CA 90249",GARDENA,CA,90249,https://safer.fmcsa.dot.gov/query.asp?searchtype=ANY&query_type=queryCarrierSnapshot&query_param=MC_MX&query_string=522822
MC-522845,VIKTOR SHCHERBYUK,FREEWAY TRUCKING,CARRIER,Property,(503) 752-2972,,"6164 SE 29TH WAY, GRESHAM, OR 97080","508 ABBERLY LANE, BOILING SPRINGS, SC 29316",GRESHAM,OR,97080,https://safer.fmcsa.dot.gov/query.asp?searchtype=ANY&query_type=queryCarrierSnapshot&query_param=MC_MX&query_string=522845
MC-522849,KARL D SCHREIBER,SCHREIBER TRANSPORT,CARRIER,Property,(732) 751-0270,,"122 MAXIM RD, HOWELL, NJ 07731","122 MAXIM RD, HOWELL, NJ 07731",HOWELL,NJ,07731,https://safer.fmcsa.dot.gov/query.asp?searchtype=ANY&query_type=queryCarrierSnapshot&query_param=MC_MX&query_string=522849
MC-522860,M GERACE ENTERPRISES INC,,CARRIER,Property,(610) 534-5650,,"214 NORTH JACKSON STREET, MEDIA, PA 19063","214 NORTH JACKSON STREET, MEDIA, PA 19063",MEDIA,PA,19063,https://safer.fmcsa.dot.gov/query.asp?searchtype=ANY&query_type=queryCarrierSnapshot&query_param=MC_MX&query_string=522860
MC-522865,BRACHER FARMS,,CARRIER,Property,(541) 966-8659,,"80238 VANSYCLE RD, HELIX, OR 97835","PO BOX 387, HELIX, OR 97835",HELIX,OR,97835,https://safer.fmcsa.dot.gov/query.asp?searchtype=ANY&query_type=queryCarrierSnapshot&query_param=MC_MX&query_string=522865
MC-522875,LANE TRANSPORTATION LLC,,CARRIER,Property,(757) 787-3113,,"24618 FRONT STREET, ACCOMAC, VA 23301","PO BOX 854, ACCOMAC, VA 23301",ACCOMAC,VA,23301,https://safer.fmcsa.dot.gov/query.asp?searchtype=ANY&query_type=queryCarrierSnapshot&query_param=MC_MX&query_string=522875
MC-522884,PATRICIA R & THOMAS R CARTER,RTC EXPRESS,CARRIER,Property,(956) 457-6496,,"15001 MILE 21 N, EDCOUCH, TX 78538","15001 MILE 21 N, EDCOUCH, TX 78538",EDCOUCH,TX,78538,https://safer.fmcsa.dot.gov/query.asp?searchtype=ANY&query_type=queryCarrierSnapshot&query_param=MC_MX&query_string=522884
MC-522913,BARRY TRUCK LINE INC,,CARRIER,Property,(913) 219-8874,,"248 SE 140TH AVENUE, ELLINWOOD, KS 67526","248 SE 140TH AVENUE, ELLINWOOD, KS 67526",ELLINWOOD,KS,67526,https://safer.fmcsa.dot.gov/query.asp?searchtype=ANY&query_type=queryCarrierSnapshot&query_param=MC_MX&query_string=522913
MC-522926,VO2 LOGISTICS LLC,,CARRIER,Property,(616) 643-8317,,"580 RANSOM ST SUITE K, GRANDVILLE, MI 49418","580 RANSOM ST SUITE K, GRANDVILLE, MI 49418",GRANDVILLE,MI,49418,https://safer.fmcsa.dot.gov/query.asp?searchtype=ANY&query_type=queryCarrierSnapshot&query_param=MC_MX&query_string=522926
MC-522932,COLLISION UNLIMITED INC,CENTRAL SERVICE TOWING AND RECOVERY,CARRIER,Property,(802) 651-0588,,"177 AVENUE C, WILLISTON, VT 05495","1901 WILLISTON ROAD, SOUTH BURLINGTON, VT 05403",WILLISTON,VT,05495,https://safer.fmcsa.dot.gov/query.asp?searchtype=ANY&query_type=queryCarrierSnapshot&query_param=MC_MX&query_string=522932
MC-522956,ROBERT SHANE STOCKDALE,STOCKDALE & SON,CARRIER,Property,(937) 323-3175,,"4596 W NATIONAL RD, SPRINGFIELD, OH 45504","4596 W NATIONAL RD, SPRINGFIELD, OH 45504",SPRINGFIELD,OH,45504,https://safer.fmcsa.dot.gov/query.asp?searchtype=ANY&query_type=queryCarrierSnapshot&query_param=MC_MX&query_string=522956
MC-522957,BELCHER TRUCKING LLC,,CARRIER,Property,(423) 261-4600,,"114 MICHAEL LANE, MADISONVILLE, TN 37354","114 MICHAEL LANE, MADISONVILLE, TN 37354",MADISONVILLE,TN,37354,https://safer.fmcsa.dot.gov/query.asp?searchtype=ANY&query_type=queryCarrierSnapshot&query_param=MC_MX&query_string=522957
MC-522961,ROBIN SINGH,ARCO TOW SERVICES,CARRIER,Property,(510) 537-9000,,"29303 PACIFIC ST, HAYWARD, CA 94544","29303 PACIFIC ST, HAYWARD, CA 94544",HAYWARD,CA,94544,https://safer.fmcsa.dot.gov/query.asp?searchtype=ANY&query_type=queryCarrierSnapshot&query_param=MC_MX&query_string=522961
MC-522995,JA LOGISTICS INC,,CARRIER/BROKER,Property,(631) 433-8843,,"62 TALLMADGE TRAIL, MILLER PLACE, NY 11764","62 TALLMADGE TRAIL, MILLER PLACE, NY 11764",MILLER PLACE,NY,11764,https://safer.fmcsa.dot.gov/query.asp?searchtype=ANY&query_type=queryCarrierSnapshot&query_param=MC_MX&query_string=522995
MC-522998,BRONSON TRUCKING INC,,CARRIER,Property,(320) 664-4516,,"160 LAKEVIEW ST SE, LAKE LILLIAN, MN 56253","160 LAKEVIEW ST SE, LAKE LILLIAN, MN 56253",LAKE LILLIAN,MN,56253,https://safer.fmcsa.dot.gov/query.asp?searchtype=ANY&query_type=queryCarrierSnapshot&query_param=MC_MX&query_string=522998
MC-523000,MIDLAND ASPHALT MATERIALS INC,MIDLAND,CARRIER,Property,(716) 692-0730,,"640 YOUNG STREET, TONAWANDA, NY 14150-0388","640 YOUNG STREET, TONAWANDA, NY 14151-0388",TONAWANDA,NY,14150-0388,https://safer.fmcsa.dot.gov/query.asp?searchtype=ANY&query_type=queryCarrierSnapshot&query_param=MC_MX&query_string=523000
MC-522075,KIM DANIEL,DANIEL TRUCKING,CARRIER,Property,(815) 739-6673,,"405 WEST LOCUST STREET, DEKALB, IL 60115","405 WEST LOCUST STREET, DEKALB, IL 60115",DEKALB,IL,60115,https://safer.fmcsa.dot.gov/query.asp?searchtype=ANY&query_type=queryCarrierSnapshot&query_param=MC_MX&query_string=522075
MC-522077,WAUKON FEED RANCH INC,,CARRIER,Property,(563) 568-4472,,"10 9TH STREET SW, WAUKON, IA 52172","PO BOX 406, WAUKON, IA 52172-1500",WAUKON,IA,52172,https://safer.fmcsa.dot.gov/query.asp?searchtype=ANY&query_type=queryCarrierSnapshot&query_param=MC_MX&query_string=522077
MC-522083,JAVIER HERNANDEZ,V & A HERNANEZ TRUCKING,CARRIER,Property,(530) 908-5256,,"310 3RD STREET, ARBUCKLE, CA 95912","P O BOX 1073, ARBUCKLE, CA 95912",ARBUCKLE,CA,95912,https://safer.fmcsa.dot.gov/query.asp?searchtype=ANY&query_type=queryCarrierSnapshot&query_param=MC_MX&query_string=522083
MC-522089,INDIAN CREEK FARMS INC,,CARRIER,Property,(712) 243-1029,,"57202 INDIAN CREEK ST, ATLANTIC, IA 50022","57202 INDIAN CREEK ST, ATLANTIC, IA 50022",ATLANTIC,IA,50022,https://safer.fmcsa.dot.gov/query.asp?searchtype=ANY&query_type=queryCarrierSnapshot&query_param=MC_MX&query_string=522089
MC-522126,NC WAY LLC,,CARRIER,Property,(828) 407-9909,,"41 AZURE SAGE WAY, ASHEVILLE, NC 28806","41 AZURE SAGE WAY, ASHEVILLE, NC 28806",ASHEVILLE,NC,28806,https://safer.fmcsa.dot.gov/query.asp?searchtype=ANY&query_type=queryCarrierSnapshot&query_param=MC_MX&query_string=522126
MC-522134,KNIFONG & SON TRUCKING LLC,,CARRIER,Property,(816) 499-2525,,"551 NW AA HWY, KINGSVILLE, MO 64061","551 NW AA HWY, KINGSVILLE, MO 64061",KINGSVILLE,MO,64061,https://safer.fmcsa.dot.gov/query.asp?searchtype=ANY&query_type=queryCarrierSnapshot&query_param=MC_MX&query_string=522134
MC-522138,TIDD'S TOWING AND ROLLOFF LLC,,CARRIER,Property,(716) 498-3717,,"12230 OLD OLEAN RD, YORKSHIRE, NY 14173","PO BOX 381, YORKSHIRE, NY 14173",YORKSHIRE,NY,14173,https://safer.fmcsa.dot.gov/query.asp?searchtype=ANY&query_type=queryCarrierSnapshot&query_param=MC_MX&query_string=522138
MC-522141,CJR TRUCKING INC,,CARRIER,Property,(516) 924-5323,,"4044 DARBY LANE, SEAFORD, NY 11783","4044 DARBY LANE, SEAFORD, NY 11783",SEAFORD,NY,11783,https://safer.fmcsa.dot.gov/query.asp?searchtype=ANY&query_type=queryCarrierSnapshot&query_param=MC_MX&query_string=522141
MC-522148,WESTROC TRUCKING INC,,CARRIER,Property,(435) 789-2225,,"1376 E 4500 S, VERNAL, UT 84078","1376 E 4500 S, VERNAL, UT 84078",VERNAL,UT,84078,https://safer.fmcsa.dot.gov/query.asp?searchtype=ANY&query_type=queryCarrierSnapshot&query_param=MC_MX&query_string=522148
MC-522169,TRI-STATE EQUIPMENT INC,,CARRIER,Property,(701) 367-8398,,"3173 100TH ST S, BARNESVILLE, MN 56514","PO BOX 7, BARNESVILLE, MN 56514",BARNESVILLE,MN,56514,https://safer.fmcsa.dot.gov/query.asp?searchtype=ANY&query_type=queryCarrierSnapshot&query_param=MC_MX&query_string=522169
MC-522171,TOMAS ANGEL RAMOS,RAMOS TRUCKING,CARRIER,Property,(760) 220-0417,,"2431 WHITMAN DR, BLYTHE, CA 92225","2431 WHITMAN DR, BLYTHE, CA 92225",BLYTHE,CA,92225,https://safer.fmcsa.dot.gov/query.asp?searchtype=ANY&query_type=queryCarrierSnapshot&query_param=MC_MX&query_string=522171
MC-522187,GNC TRANSPORT LLC,,CARRIER,Property,(860) 305-1636,,"163 AMSTON ROAD, COLCHESTER, CT 06415","163 AMSTON ROAD, COLCHESTER, CT 06415",COLCHESTER,CT,6415,https://safer.fmcsa.dot.gov/query.asp?searchtype=ANY&query_type=queryCarrierSnapshot&query_param=MC_MX&query_string=522187
MC-522191,RMG TRUCKING LLC,,CARRIER,Property,(520) 225-9303,,"1039 COCULA CT, RIO RICO, AZ 85648","1039 COCULA CT, RIO RICO, AZ 85648",RIO RICO,AZ,85648,https://safer.fmcsa.dot.gov/query.asp?searchtype=ANY&query_type=queryCarrierSnapshot&query_param=MC_MX&query_string=522191
MC-522237,BUCKEYE EXPRESS LOGISTICS LLC,,CARRIER,Property,(614) 272-6730,,"777 FRANK ROAD, COLUMBUS, OH 43223","PO BOX 368, GROVE CITY, OH 43123",COLUMBUS,OH,43223,https://safer.fmcsa.dot.gov/query.asp?searchtype=ANY&query_type=queryCarrierSnapshot&query_param=MC_MX&query_string=522237
MC-522247,ALLACO TOWING SERVICE INC,,CARRIER,Property,(513) 961-1900,,"2218 IOWA AVENUE, CINCINNATI, OH 45206","5965 RHODE ISLAND AVENUE, CINCINNATI, OH 45237",CINCINNATI,OH,45206,https://safer.fmcsa.dot.gov/query.asp?searchtype=ANY&query_type=queryCarrierSnapshot&query_param=MC_MX&query_string=522247
